CREATE DEFINER=`root`@`localhost` PROCEDURE `insert_Data`()
BEGIN
INSERT INTO Block (municipality, tract, block, unit)
VALUES
('Täby', 'Näsby', 1, 1),
('Täby', 'Näsby', 1, 2),
('Täby', 'Näsby', 1, 3),
('Danderyd', 'Lahäll', 1, 1),
('Danderyd', 'Lahäll', 1, 2),
('Stockholm', 'Södermalm', 67, 1),
('Stockholm', 'Södermalm', 67, 2),
('Stockholm', 'Södermalm', 66, 3),
('Stockholm', 'Södermalm', 69, 1),
('Stockholm', 'Södermalm', 69, 2);

INSERT INTO House (block_FK)
VALUES
(1),(2),(3),(4),(5),(6),(7),(8),(9),(10);

INSERT INTO Address (street_name, street_nr, house_FK)
VALUES
('Storvägen', 40, 1),
('Storvägen', 42, 2),
('Storvägen', 46, 3),
('Lahällsvägen', 11, 4),
('Lahällsvägen', 12, 5),
('Södermalmstorg', 121, 6),
('Södermalmstorg', 122, 7),
('Södermalmstorg', 123, 8),
('Södermalmstorg', 124, 9),
('Södermalmstorg', 125, 10);

INSERT INTO Floorlevel (level, door, address_FK)
VALUES
(1, 1, 1),
(1, 2, 1),
(2, 1, 1),
(2, 2, 1),
(1, 1, 2),
(1, 2, 2),
(2, 1, 2),
(2, 2, 2),
(3, 1, 2),
(3, 2, 2),
(1, 1, 3),
(1, 2, 3),
(2, 1, 3),
(2, 2, 3),
(3, 1, 3),
(3, 2, 3),
(4, 1, 3),
(4, 2, 3),
(1, 1, 4),
(1, 2, 4),
(2, 1, 4),
(2, 2, 4),
(3, 1, 4),
(3, 2, 4),
(4, 1, 4),
(4, 2, 4),
(5, 1, 4),
(5, 2, 4),
(1, 1, 5),
(1, 2, 5),
(2, 1, 5),
(2, 2, 5),
(3, 1, 5),
(3, 2, 5),
(4, 1, 5),
(4, 2, 5),
(5, 1, 5),
(5, 2, 5),
(6, 1, 5),
(6, 2, 5),
(1, 1, 6),
(1, 2, 6),
(2, 1, 6),
(2, 2, 6),
(3, 1, 6),
(3, 2, 6),
(4, 1, 6),
(4, 2, 6),
(5, 1, 6),
(5, 2, 6),
(6, 1, 6),
(6, 2, 6),
(7, 1, 6),
(7, 2, 6),
(8, 1, 6),
(8, 2, 6),
(1, 1, 7),
(1, 2, 7),
(1, 1, 8),
(1, 2, 8),
(1, 1, 9),
(1, 2, 9),
(1, 1, 10),
(1, 2, 10);

INSERT INTO Apartment (rooms, surface, floorlevel_FK)
VALUES
(1, 45, 1),
(2, 65, 2),
(1, 45, 3),
(2, 65, 4),
(1, 55, 5),
(2, 75, 6),
(1, 55, 7),
(2, 75, 8),
(1, 55, 9),
(2, 75, 10),
(2, 60, 11),
(3, 85, 12),
(2, 60, 13),
(3, 85, 14),
(2, 60, 15),
(3, 85, 16),
(2, 70, 17),
(3, 95, 18),
(3, 77, 19),
(4, 99, 20),
(3, 77, 21),
(4, 99, 22),
(3, 77, 23),
(4, 99, 24),
(3, 77, 25),
(4, 99, 26),
(3, 77, 27),
(4, 99, 28),
(3, 80, 29),
(4, 105, 30),
(3, 80, 31),
(4, 105, 32),
(3, 80, 33),
(4, 105, 34),
(3, 80, 35),
(4, 105, 36),
(3, 80, 37),
(4, 105, 38),
(3, 80, 39),
(4, 105, 40),
(4, 90, 41),
(5, 120, 42),
(4, 90, 43),
(5, 120, 44),
(4, 90, 45),
(5, 120, 46),
(4, 90, 47),
(5, 120, 48),
(4, 90, 49),
(5, 120, 50),
(4, 90, 51),
(5, 120, 52),
(4, 100, 53),
(5, 130, 54),
(4, 100, 55),
(5, 130, 56),
(7, 150, 57),
(7, 150, 58),
(8, 160, 59),
(8, 160, 60),
(9, 170, 61),
(9, 170, 62),
(10, 180, 63),
(10, 180, 64);


INSERT INTO Lease (start_date, end_date, anual_rent, apartment_FK)
VALUES
('2018-10-01', '2019-12-31', 100000, 1),
('2022-11-01', NULL, 120000, 2),
('2016-09-01', '2019-12-31', 103000, 3),
('2022-08-01', NULL, 128000, 4),
('2020-01-01', '2021-01-31', 105000, 5),
('2021-01-01', '2022-02-01', 125000, 6),
('2019-01-01', '2021-03-01', 105000, 7),
('2020-01-01', '2023-04-01', 125000, 8),
('2021-01-01', NULL, 109000, 9),
('2021-01-01', '2021-12-25', 127000, 10),
('2022-01-01', '2022-05-01', 110000, 11),
('2022-02-01', '2023-12-31', 130000, 12),
('2010-03-01', '2010-10-01', 110000, 13),
('2022-04-01', NULL, 130000, 14),
('2020-05-01', '2021-08-01', 110000, 15),
('2022-06-01', '2022-07-01', 130000, 16),
('2012-07-01', '2021-12-31', 121000, 17),
('2022-08-01', NULL, 133000, 18),
('2013-01-01', '2021-12-31', 115000, 19),
('2014-01-01', '2022-12-31', 135000, 20),
('2015-01-01', '2021-12-31', 115000, 21),
('2018-01-01', '2020-12-31', 135000, 22),
('2019-01-01', NULL, 115000, 23),
('2020-01-01', '2021-12-31', 135000, 24),
('2021-01-01', '2021-12-31', 115000, 25),
('2022-01-01', '2023-01-01', 135000, 26),
('2020-01-01', '2021-02-01', 125000, 27),
('2020-01-01', '2021-03-01', 175000, 28),
('2014-01-01', '2024-12-31', 120000, 29),
('2015-01-01', NULL, 140000, 30),
('2016-01-01', '2023-04-01', 120000, 31),
('2017-01-01', '2023-03-03', 140000, 32),
('2018-01-01', '2022-12-31', 120000, 33),
('2019-01-01', NULL, 140000, 34),
('2020-01-01', '2020-12-31', 120000, 35),
('2021-02-01', '2021-12-31', 140000, 36),
('2021-03-01', '2021-12-31', 120000, 37),
('2021-04-01', '2021-12-31', 140000, 38),
('2021-05-01', NULL, 132000, 39),
('2021-06-01', '2022-12-31', 180000, 40),
('2020-01-01', '2027-12-31', 125000, 41),
('2021-01-01', '2028-12-31', 145000, 42),
('2022-01-01', '2029-12-31', 125000, 43),
('2019-01-01', NULL, 145000, 44),
('2018-01-01', '2023-05-01', 125000, 45),
('2017-01-01', '2025-12-31', 145000, 46),
('2016-01-01', '2021-01-01', 125000, 47),
('2015-01-01', '2021-02-01', 145000, 48),
('2014-01-01', '2021-01-01', 125000, 49),
('2013-01-01', NULL, 145000, 50),
('2012-01-01', '2025-01-01', 125000, 51),
('2011-01-01', '2023-10-01', 145000, 52),
('2010-01-01', NULL, 165000, 53),
('2020-01-01', '2021-12-31', 195000, 54),
('2021-01-01', '2023-12-31', 275000, 55),
('2020-10-01', '2021-12-31', 305000, 56),
('2021-01-01', '2021-12-31', 290000, 57),
('2022-10-01', '2024-12-31', 325000, 58),
('2021-01-01', '2023-12-31', 300000, 59),
('2022-10-01', '2021-12-31', 335000, 60),
('2021-01-01', '2021-12-31', 310000, 61),
('2022-10-01', '2023-12-31', 355000, 62),
('2021-01-01', '2023-12-31', 400000, 63),
('2022-10-01', '2024-12-31', 500000, 64);

INSERT INTO Person (person_nr, firstname, lastname, phone, email, lease_FK)
VALUES
('19870725-1409', 'Vilgot', 'Andersson', '0721021928', 'vilgot.andersson@hotmail.com', 1),
('19691206-4058', 'Björn', 'Kuusisto', '0742074720', 'björn.kuusisto@hotmail.com', 2),
('19811127-3128', 'Oskar', 'Lindberg', '0730024157', 'oskar.lindberg@yahoo.com', 3),
('19551010-2626', 'Hedda', 'Jönsson', '0753916092', 'hedda.jönsson@aol.com', 4),
('19530722-5132', 'Amanda', 'Koskinen', '0780513851', 'amanda.koskinen@aol.com', 5),
('19650726-8561', 'Evelyn', 'Andersson', '0709099135', 'evelyn.andersson@outlook.com', 6),
('19910803-4215', 'Otto', 'Lindblom', '0798009378', 'otto.lindblom@icloud.com', 7),
('19500317-9968', 'Filippa', 'Kuusela', '0725174924', 'filippa.kuusela@yahoo.com', 8),
('19650130-4933', 'William', 'Johansson', '0761366199', 'william.johansson@outlook.com', 9),
('19880829-3881', 'Jesper', 'Andersson', '0733964672', 'jesper.andersson@gmail.com', 10),
('19690928-3026', 'Amelia', 'Johansson', '0734804289', 'amelia.johansson@yahoo.com', 11),
('19961012-6036', 'Theo', 'Pettersson', '0768246462', 'theo.pettersson@live.com', 12),
('19500210-8517', 'Alma', 'Andersson', '0795698733', 'alma.andersson@icloud.com', 13),
('19760301-3341', 'Simon', 'Jansson', '0734919571', 'simon.jansson@hotmail.com', 14),
('19500616-6352', 'Benjamin', 'Jonsson', '0732261944', 'benjamin.jonsson@icloud.com', 15),
('19690429-6595', 'Vilmer', 'Larsson', '0782669668', 'vilmer.larsson@aol.com', 16),
('19730327-2834', 'Simon', 'Persson', '0738325834', 'simon.persson@hotmail.com', 17),
('19490425-5103', 'Elias', 'Svensson', '0704415937', 'elias.svensson@aol.com', 18),
('19850529-8209', 'William', 'Koskela', '0739181237', 'william.koskela@yahoo.com', 19),
('19960714-2918', 'Alexandra', 'Olsson', '0738740703', 'alexandra.olsson@yahoo.com', 20),
('19980530-8546', 'Sebastian', 'Gustafsson', '0796829521', 'sebastian.gustafsson@hotmail.com', 21),
('19480224-7166', 'Alvin', 'Johansson', '0761743909', 'alvin.johansson@msn.com', 22),
('19660903-8147', 'Simon', 'Kuusela', '0752832839', 'simon.kuusela@msn.com', 23),
('19851214-8341', 'Olle', 'Hansson', '0710669722', 'olle.hansson@hotmail.com', 24),
('19891216-9686', 'Oskar', 'Kuusela', '0724924977', 'oskar.kuusela@icloud.com', 25),
('19960414-6042', 'Otto', 'Andersson', '0702393671', 'otto.andersson@aol.com', 26),
('19580131-3081', 'Lucas', 'Jönsson', '0718140668', 'lucas.jönsson@hotmail.com', 27),
('19530711-4718', 'Josefine', 'Korhonen', '0711479695', 'josefine.korhonen@gmail.com', 28),
('19880827-3034', 'Nellie', 'Eriksson', '0728451526', 'nellie.eriksson@live.com', 29),
('19570120-4812', 'Ella', 'Lindqvist', '0774566626', 'ella.lindqvist@hotmail.com', 30),
('19560410-6792', 'Vilhelm', 'Ternström', '0751732920', 'vilhelm.ternström@icloud.com', 31),
('19650927-6959', 'Isak', 'Lindström', '0749993341', 'isak.lindström@msn.com', 32),
('19590503-2885', 'Hanna', 'Lindström', '0764883224', 'hanna.lindström@outlook.com', 33),
('19920902-3359', 'Ava', 'Lindqvist', '0703563473', 'ava.lindqvist@icloud.com', 34),
('19730210-3189', 'Hedda', 'Kuusi', '0791480465', 'hedda.kuusi@msn.com', 35),
('19870530-5473', 'Alice', 'Ternström', '0741411327', 'alice.ternström@icloud.com', 36),
('19570406-6356', 'Milo', 'Pettersson', '0788297680', 'milo.pettersson@gmail.com', 37),
('19700313-4433', 'Albin', 'Hansson', '0709105355', 'albin.hansson@msn.com', 38),
('20011119-4646', 'Ava', 'Persson', '0742671618', 'ava.persson@live.com', 39),
('19741226-8980', 'Linus', 'Jonsson', '0761675013', 'linus.jonsson@msn.com', 40),
('19710214-7377', 'Joel', 'Jansson', '0724057105', 'joel.jansson@aol.com', 41),
('19930225-4337', 'Idun', 'Olsson', '0773291707', 'idun.olsson@hotmail.com', 42),
('19870802-7504', 'Oskar', 'Lindström', '0750604428', 'oskar.lindström@aol.com', 43),
('19561228-2991', 'Vera', 'Danielsson', '0791109484', 'vera.danielsson@outlook.com', 44),
('19941117-6910', 'Evelina', 'Jönsson', '0770593895', 'evelina.jönsson@yahoo.com', 45),
('19450512-6108', 'Vilhelm', 'Jonsson', '0715746339', 'vilhelm.jonsson@yahoo.com', 46),
('19820204-7855', 'Samuel', 'Korhonen', '0773749284', 'samuel.korhonen@gmail.com', 47),
('19560225-1743', 'Ella', 'Korhonen', '0700706040', 'ella.korhonen@msn.com', 48),
('20000127-4380', 'Thea', 'Koskela', '0725012681', 'thea.koskela@live.com', 49),
('19720122-2346', 'Elvira', 'Danielsson', '0701784603', 'elvira.danielsson@hotmail.com', 50),
('19720419-4250', 'Linus', 'Danielsson', '0799824675', 'linus.danielsson@yahoo.com', 51),
('19691116-3877', 'Filip', 'Hansson', '0759911033', 'filip.hansson@aol.com', 52),
('19421105-5923', 'Vilhelm', 'Nilsson', '0766895408', 'vilhelm.nilsson@msn.com', 53),
('20011214-6705', 'Linus', 'Eriksson', '0712877231', 'linus.eriksson@msn.com', 54),
('19570814-3903', 'Erik', 'Lindholm', '0790535362', 'erik.lindholm@yahoo.com', 55),
('19551104-6201', 'Evelyn', 'Lindqvist', '0754208038', 'evelyn.lindqvist@aol.com', 56),
('19980511-3379', 'Isabella', 'Eriksson', '0774314298', 'isabella.eriksson@live.com', 57),
('19800701-1679', 'Sebastian', 'Eriksson', '0713701515', 'sebastian.eriksson@icloud.com', 58),
('19530315-2873', 'Gustav', 'Andersson', '0715228622', 'gustav.andersson@icloud.com', 59),
('19431030-4801', 'Vilgot', 'Lindblom', '0747903852', 'vilgot.lindblom@aol.com', 60),
('19480724-6286', 'Alice', 'Jonsson', '0749249706', 'alice.jonsson@icloud.com', 61),
('19700330-3378', 'Ida', 'Jönsson', '0791384789', 'ida.jönsson@aol.com', 62),
('19670627-2537', 'Charlie', 'Karlsson', '0762582172', 'charlie.karlsson@gmail.com', 63),
('19690617-4957', 'Alvin', 'Eriksson', '0780326068', 'alvin.eriksson@live.com', 64);
END
